{"cameraMode":{"drawMode":0,"name":"Shaded","section":"Shading Mode"},"sceneLighting":false,"audioPlay":false,"sceneViewState":{"m_AlwaysRefresh":false,"showFog":true,"showSkybox":false,"showFlares":true,"showImageEffects":true,"showParticleSystems":true,"showVisualEffectGraphs":true,"m_FxEnabled":true},"in2DMode":false,"pivot":{"x":0.006271004676818848,"y":-0.025354444980621339,"z":0.004563435912132263},"rotation":{"x":-0.23852697014808656,"y":0.0919811874628067,"z":-0.02181100845336914,"w":-0.9667876362800598},"size":0.8660253882408142,"orthographic":false}