{"cameraMode":{"drawMode":0,"name":"Shaded","section":"Shading Mode"},"sceneLighting":false,"audioPlay":false,"sceneViewState":{"m_AlwaysRefresh":false,"showFog":true,"showSkybox":false,"showFlares":true,"showImageEffects":true,"showParticleSystems":true,"showVisualEffectGraphs":true,"m_FxEnabled":true},"in2DMode":false,"pivot":{"x":0.028975054621696473,"y":-0.08615699410438538,"z":0.009615786373615265},"rotation":{"x":-0.00819815881550312,"y":-0.9460726976394653,"z":0.026063138619065286,"w":-0.323539674282074},"size":0.24649904668331147,"orthographic":false}